Parameters,Value
Intercept,-9.334462614
wk_sold_median_base_price_byppg_log,-3.5
tpr_2017,0.061804398
tpr_less_45,0.058092243
tpr_greater_45,0.067153546
ACV_Selling,0.134822628
SI,0.302191734
tpr_discount_byppg_lag1,-0.004629963
tpr_discount_byppg_lag2,-0.004168281
Flag_easter,0.547769046
Flag_easter_2017,0.77281874
Flag_father_17,0.433039723
Flag_father_19,1.327365323
Flag_overpredict,0.648169221
Flag_underpredict,-1.069763943
Catalogue,0.09
Display,0.4
Item_124_Coles_RegularPrice,1.761299762
Item_160_Coles_RegularPrice,1.5
Item_645_Coles_RegularPrice,2.1
Item_640_Coles_PromotedDiscount,-0.003999848
Item_104_Woolworths_PromotedDiscount,-0.000192288
